attributes_preserved,attributes_missing,attributes_added,attributes_total_baseline,classes_preserved,classes_missing,classes_added,classes_total_baseline,enum_values_preserved,enum_values_missing,enum_values_added,enum_values_total_baseline,enums_preserved,enums_missing,enums_added,enums_total_baseline,packages_preserved,packages_missing,packages_added,packages_total_baseline,relationships_preserved,relationships_missing,relationships_added,relationships_total_baseline,Overall_Preservation_%,Total_Baseline_Elements,Total_Preserved_Elements,Total_Added_Elements,File,Address,CollectionPoint,CollectionRequest,Coordinates,NotificationService,NotificationTemplate,OpeningHours,PlatformManager,Product,RoleManager,RoleManager <<service>>,RoutePlan,SearchFilter,ServiceProvider,ServiceRequest,ServiceRequestDetails,TimeRange,TransportRequest,User,UserAccount,UserCredentials,UserProfile,ValidationResult,WasteJourney,WasteTracking,TotalMethodsInScope,Model,Run,Target_Class_Methods,Extra_Methods_Count,Unique_Method_Names,Redundancy,ParamRichness,ReturnTypeCompleteness,Percentage_Methods_With_UC,Percentage_Methods_With_Action,Percentage_Methods_With_Both,Percentage_Methods_Without
81,0,0,81,20,0,0,20,62,0,0,62,14,0,0,14,7,0,0,7,29,0,0,29,100.0,213,213,0,ChatGPT-4o_run1.json,0,2,2,0,4,0,0,0,2,1,0,1,1,1,3,0,0,2,0,4,6,2,0,2,0,33,ChatGPT-4o,1,33,0,33,1.0,0.45454545454545453,39.39393939393939,100.0,100.0,100.0,0.0
81,0,0,81,20,0,0,20,62,0,0,62,14,0,0,14,7,0,0,7,29,0,0,29,100.0,213,213,0,ChatGPT-4o_run10.json,0,1,0,0,2,0,0,0,2,1,0,0,1,4,3,0,0,0,0,5,6,2,0,1,0,28,ChatGPT-4o,10,28,0,28,1.0,1.1428571428571428,39.285714285714285,82.14285714285714,0.0,0.0,17.857142857142858
0,81,0,81,11,9,0,20,0,62,0,62,0,14,0,14,5,2,0,7,0,29,0,29,7.51,213,16,0,ChatGPT-4o_run2.json,0,1,3,0,0,0,0,0,2,1,0,0,1,0,1,0,0,3,0,8,6,2,0,2,0,30,ChatGPT-4o,2,30,0,29,1.0344827586206897,1.2,40.0,100.0,0.0,0.0,0.0
81,0,0,81,20,0,0,20,62,0,0,62,14,0,0,14,7,0,0,7,29,0,0,29,100.0,213,213,0,ChatGPT-4o_run3.json,0,2,2,0,4,0,0,0,2,1,0,0,1,1,3,0,0,2,0,5,5,2,0,1,0,31,ChatGPT-4o,3,31,0,30,1.0333333333333334,1.1290322580645162,16.129032258064516,100.0,100.0,100.0,0.0
0,81,0,81,12,8,0,20,0,62,0,62,0,14,0,14,0,7,0,7,0,29,0,29,5.63,213,12,0,ChatGPT-4o_run4.json,0,1,3,0,0,0,0,0,3,1,0,0,1,1,1,0,0,3,0,5,4,2,0,1,0,26,ChatGPT-4o,4,26,0,25,1.04,1.6538461538461537,57.69230769230769,100.0,0.0,0.0,0.0
0,81,0,81,4,16,4,20,8,54,10,62,3,11,3,14,0,7,0,7,0,29,8,29,7.04,213,15,25,ChatGPT-4o_run5.json,0,3,0,0,0,0,0,4,2,0,0,0,0,3,3,0,0,0,8,0,0,0,0,0,1,24,ChatGPT-4o,5,24,0,23,1.0434782608695652,1.75,8.333333333333334,100.0,100.0,100.0,0.0
0,81,0,81,12,8,0,20,0,62,0,62,0,14,0,14,6,1,0,7,0,29,0,29,8.45,213,18,0,ChatGPT-4o_run6.json,0,1,1,0,4,0,0,0,2,1,0,0,1,0,3,0,0,2,0,5,3,2,0,2,0,27,ChatGPT-4o,6,27,0,27,1.0,1.4444444444444444,48.148148148148145,88.88888888888889,0.0,0.0,11.11111111111111
0,81,0,81,11,9,0,20,0,62,0,62,0,14,0,14,5,2,0,7,0,29,0,29,7.51,213,16,0,ChatGPT-4o_run7.json,0,1,2,0,0,0,0,0,2,1,0,0,1,0,2,0,0,2,0,6,6,2,0,1,0,26,ChatGPT-4o,7,26,0,26,1.0,1.3846153846153846,42.30769230769231,100.0,0.0,0.0,0.0
81,0,0,81,20,0,0,20,62,0,0,62,14,0,0,14,7,0,0,7,29,0,0,29,100.0,213,213,0,ChatGPT-4o_run8.json,0,1,0,0,0,0,0,0,2,1,0,0,1,1,3,0,0,0,0,4,3,1,0,1,0,18,ChatGPT-4o,8,18,0,18,1.0,0.8888888888888888,16.666666666666668,88.88888888888889,0.0,0.0,11.11111111111111
0,81,0,81,12,8,0,20,0,62,0,62,0,14,0,14,0,7,0,7,0,29,0,29,5.63,213,12,0,ChatGPT-4o_run9.json,0,1,2,0,5,0,0,0,2,1,0,0,1,0,3,0,0,2,0,6,5,2,0,2,0,32,ChatGPT-4o,9,32,0,32,1.0,0.78125,37.5,90.625,0.0,0.0,9.375
81,0,0,81,20,0,0,20,62,0,0,62,14,0,0,14,7,0,0,7,29,0,0,29,100.0,213,213,0,ChatGPT-o3_run1.json,0,4,4,0,7,0,0,0,4,3,0,0,1,11,5,0,0,4,0,4,7,4,0,2,0,60,ChatGPT-o3,1,60,0,56,1.0714285714285714,1.05,36.666666666666664,100.0,100.0,100.0,0.0
81,0,0,81,20,0,0,20,62,0,0,62,14,0,0,14,7,0,0,7,29,0,0,29,100.0,213,213,0,ChatGPT-o3_run10.json,0,4,2,0,6,0,0,0,5,3,0,0,1,9,3,0,0,2,0,3,5,3,0,1,0,47,ChatGPT-o3,10,47,0,45,1.0444444444444445,1.0638297872340425,36.170212765957444,0.0,0.0,0.0,100.0
81,0,0,81,20,0,0,20,62,0,0,62,14,0,0,14,7,0,0,7,29,0,0,29,100.0,213,213,0,ChatGPT-o3_run2.json,0,2,0,0,7,0,0,0,3,2,0,0,1,3,0,0,0,0,0,0,3,3,0,1,0,25,ChatGPT-o3,2,25,0,24,1.0416666666666667,1.0,64.0,0.0,0.0,0.0,100.0
81,0,0,81,20,0,0,20,62,0,0,62,14,0,0,14,7,0,0,7,29,0,0,29,100.0,213,213,0,ChatGPT-o3_run3.json,0,2,3,0,5,0,0,0,3,3,0,0,1,1,5,0,0,3,0,0,9,3,0,3,0,41,ChatGPT-o3,3,41,0,37,1.1081081081081081,1.3902439024390243,29.26829268292683,100.0,100.0,100.0,0.0
81,0,0,81,20,0,0,20,62,0,0,62,14,0,0,14,7,0,0,7,29,0,0,29,100.0,213,213,0,ChatGPT-o3_run4.json,0,2,2,0,4,0,0,0,0,1,0,0,1,3,2,0,0,2,0,0,4,3,0,1,0,25,ChatGPT-o3,4,25,0,22,1.1363636363636365,0.92,48.0,100.0,100.0,100.0,0.0
81,0,0,81,20,0,0,20,62,0,0,62,14,0,0,14,7,0,0,7,29,0,0,29,100.0,213,213,0,ChatGPT-o3_run5.json,0,2,0,0,6,0,0,0,3,2,0,0,1,4,5,0,0,0,0,4,3,4,0,2,0,36,ChatGPT-o3,5,36,0,32,1.125,1.1111111111111112,30.555555555555557,100.0,100.0,100.0,0.0
81,0,0,81,20,0,0,20,62,0,0,62,14,0,0,14,7,0,0,7,29,0,0,29,100.0,213,213,0,ChatGPT-o3_run6.json,0,2,0,0,7,0,0,0,4,2,0,0,1,4,8,0,0,1,0,3,5,4,0,1,0,42,ChatGPT-o3,6,42,0,42,1.0,0.8333333333333334,33.333333333333336,100.0,100.0,100.0,0.0
81,0,0,81,20,0,0,20,62,0,0,62,14,0,0,14,7,0,0,7,29,0,0,29,100.0,213,213,0,ChatGPT-o3_run7.json,0,3,1,1,6,0,0,0,3,3,0,0,1,4,6,0,0,2,0,6,5,3,0,2,0,46,ChatGPT-o3,7,46,0,43,1.069767441860465,1.0,41.30434782608695,100.0,100.0,100.0,0.0
81,0,0,81,20,0,0,20,62,0,0,62,14,0,0,14,7,0,0,7,29,0,0,29,100.0,213,213,0,ChatGPT-o3_run8.json,0,4,4,0,8,0,0,0,3,1,0,0,1,5,2,0,0,4,0,5,5,4,0,3,0,49,ChatGPT-o3,8,49,0,42,1.1666666666666667,1.0204081632653061,42.857142857142854,95.91836734693878,95.91836734693878,95.91836734693878,4.081632653061225
81,0,0,81,20,0,0,20,62,0,0,62,14,0,0,14,7,0,0,7,29,0,0,29,100.0,213,213,0,ChatGPT-o3_run9.json,0,6,0,0,6,0,0,0,6,3,0,1,1,13,6,0,0,0,0,7,5,4,0,3,0,61,ChatGPT-o3,9,61,0,57,1.0701754385964912,1.0163934426229508,44.26229508196721,100.0,100.0,100.0,0.0
81,0,1,81,20,0,1,20,62,0,0,62,14,0,0,14,7,0,0,7,29,0,1,29,100.0,213,213,3,Claude3.7_run1.json,2,5,1,1,5,2,1,0,6,3,0,3,4,1,7,1,2,2,0,5,9,3,2,7,0,72,Claude3.7,1,72,0,72,1.0,0.9027777777777778,54.166666666666664,83.33333333333333,83.33333333333333,83.33333333333333,16.666666666666668
81,0,0,81,20,0,0,20,62,0,0,62,14,0,0,14,7,0,0,7,29,0,0,29,100.0,213,213,0,Claude3.7_run10.json,2,5,1,0,5,1,1,0,6,2,0,3,4,3,8,0,2,1,0,6,10,4,0,6,0,70,Claude3.7,10,70,0,66,1.0606060606060606,0.9,48.57142857142857,100.0,100.0,100.0,0.0
81,0,1,81,20,0,1,20,62,0,0,62,14,0,0,14,7,0,0,7,29,0,1,29,100.0,213,213,3,Claude3.7_run2.json,2,7,1,1,5,1,1,0,6,2,0,2,5,2,6,1,2,1,0,5,8,4,2,7,0,71,Claude3.7,2,71,0,71,1.0,0.8450704225352113,52.11267605633803,74.64788732394366,74.64788732394366,74.64788732394366,25.35211267605634
81,0,1,81,20,0,1,20,62,0,0,62,14,0,0,14,7,0,0,7,29,0,1,29,100.0,213,213,3,Claude3.7_run3.json,2,5,2,1,6,2,1,0,9,3,0,3,5,3,7,0,2,2,0,5,10,5,2,7,0,82,Claude3.7,3,82,0,82,1.0,0.8536585365853658,45.1219512195122,100.0,100.0,100.0,0.0
81,0,1,81,20,0,1,20,62,0,0,62,14,0,0,14,7,0,0,7,29,0,1,29,100.0,213,213,3,Claude3.7_run4.json,2,5,2,0,6,1,0,0,6,2,0,2,4,2,6,0,2,1,0,5,6,5,0,6,0,63,Claude3.7,4,63,0,63,1.0,0.7936507936507936,96.82539682539682,85.71428571428571,85.71428571428571,85.71428571428571,14.285714285714286
81,0,1,81,20,0,1,20,62,0,0,62,14,0,0,14,7,0,0,7,29,0,1,29,100.0,213,213,3,Claude3.7_run5.json,2,6,2,1,6,1,1,0,7,3,0,3,5,3,8,2,2,2,0,9,8,5,1,6,0,83,Claude3.7,5,83,0,83,1.0,0.891566265060241,53.01204819277108,100.0,100.0,100.0,0.0
81,0,1,81,20,0,1,20,62,0,0,62,14,0,0,14,7,0,0,7,29,0,1,29,100.0,213,213,3,Claude3.7_run6.json,2,6,1,1,5,2,1,0,7,3,0,3,5,1,7,2,2,1,0,5,8,4,2,7,0,75,Claude3.7,6,75,0,71,1.056338028169014,1.0133333333333334,50.666666666666664,100.0,100.0,100.0,0.0
81,0,1,81,20,0,1,20,62,0,0,62,14,0,0,14,7,0,0,7,29,0,1,29,100.0,213,213,3,Claude3.7_run7.json,3,4,1,2,2,1,1,0,6,2,0,3,4,1,7,1,2,1,0,7,7,4,2,7,0,68,Claude3.7,7,68,0,64,1.0625,0.5441176470588235,57.35294117647059,94.11764705882354,94.11764705882354,94.11764705882354,5.882352941176471
81,0,0,81,20,0,0,20,62,0,0,62,14,0,0,14,7,0,0,7,29,0,0,29,100.0,213,213,0,Claude3.7_run8.json,3,6,2,1,6,2,1,0,8,2,0,3,6,2,8,0,2,1,0,6,11,5,2,8,0,85,Claude3.7,8,85,0,83,1.0240963855421688,0.8117647058823529,41.1764705882353,83.52941176470588,83.52941176470588,83.52941176470588,16.470588235294116
81,0,1,81,20,0,1,20,62,0,0,62,14,0,0,14,7,0,0,7,29,0,1,29,100.0,213,213,3,Claude3.7_run9.json,2,5,1,1,6,2,1,0,6,2,0,2,4,1,6,1,2,1,0,5,7,3,2,5,0,65,Claude3.7,9,65,0,63,1.0317460317460319,1.0769230769230769,55.38461538461539,75.38461538461539,75.38461538461539,75.38461538461539,24.615384615384617
0,81,0,81,19,1,0,20,0,62,7,62,7,7,0,14,7,0,0,7,0,29,0,29,15.49,213,33,7,DeepSeek(R1)_run1.json,1,3,1,1,3,0,1,0,3,2,0,1,2,3,0,0,1,1,0,5,5,3,3,3,0,42,DeepSeek(R1),1,42,0,42,1.0,0.6666666666666666,40.476190476190474,66.66666666666667,0.0,0.0,33.333333333333336
81,0,1,81,20,0,1,20,62,0,0,62,14,0,0,14,7,0,0,7,29,0,1,29,100.0,213,213,3,DeepSeek(R1)_run10.json,1,2,1,0,1,1,1,0,3,1,0,1,1,2,2,1,1,1,0,3,4,3,0,2,0,32,DeepSeek(R1),10,32,0,32,1.0,0.53125,40.625,68.75,68.75,68.75,31.25
81,0,1,81,20,0,1,20,62,0,0,62,14,0,0,14,7,0,0,7,29,0,1,29,100.0,213,213,3,DeepSeek(R1)_run2.json,1,2,1,0,3,0,1,0,4,2,0,1,1,3,4,0,0,1,0,3,6,3,0,3,0,39,DeepSeek(R1),2,39,0,39,1.0,0.4358974358974359,51.282051282051285,0.0,0.0,0.0,100.0
81,0,1,81,20,0,1,20,62,0,0,62,14,0,0,14,7,0,0,7,29,0,1,29,100.0,213,213,3,DeepSeek(R1)_run3.json,1,2,1,0,2,0,1,0,3,1,0,1,1,1,4,0,0,1,0,5,4,3,0,3,0,34,DeepSeek(R1),3,34,0,34,1.0,0.6176470588235294,47.05882352941177,100.0,100.0,100.0,0.0
81,0,1,81,20,0,1,20,62,0,0,62,14,0,0,14,7,0,0,7,29,0,1,29,100.0,213,213,3,DeepSeek(R1)_run4.json,1,2,1,0,3,0,0,0,3,1,0,1,1,2,2,0,0,1,0,4,6,4,0,2,0,34,DeepSeek(R1),4,34,0,34,1.0,0.20588235294117646,38.23529411764706,100.0,100.0,100.0,0.0
81,0,1,81,20,0,1,20,62,0,0,62,14,0,0,14,7,0,0,7,29,0,1,29,100.0,213,213,3,DeepSeek(R1)_run5.json,0,2,1,0,2,0,0,0,2,2,0,1,1,2,2,0,0,1,0,3,3,2,2,2,0,28,DeepSeek(R1),5,28,0,28,1.0,0.6785714285714286,39.285714285714285,0.0,0.0,0.0,100.0
81,0,1,81,20,0,1,20,62,0,0,62,14,0,0,14,7,0,0,7,29,0,1,29,100.0,213,213,3,DeepSeek(R1)_run6.json,0,0,1,0,0,0,0,0,3,1,0,0,0,1,2,0,0,0,0,2,1,1,0,2,0,14,DeepSeek(R1),6,14,0,13,1.0769230769230769,0.7142857142857143,57.142857142857146,100.0,100.0,100.0,0.0
81,0,1,81,20,0,1,20,62,0,0,62,14,0,0,14,7,0,0,7,29,0,1,29,100.0,213,213,3,DeepSeek(R1)_run7.json,1,1,1,0,1,0,0,0,2,1,0,1,1,1,2,0,0,1,0,2,5,3,0,2,0,25,DeepSeek(R1),7,25,0,25,1.0,0.48,64.0,96.0,96.0,96.0,4.0
81,0,1,81,20,0,1,20,62,0,0,62,14,0,0,14,7,0,0,7,29,0,1,29,100.0,213,213,3,DeepSeek(R1)_run8.json,1,1,1,0,2,0,1,0,2,1,0,1,1,1,3,0,1,1,0,3,5,3,0,2,0,30,DeepSeek(R1),8,30,0,27,1.1111111111111112,0.5,46.666666666666664,93.33333333333333,93.33333333333333,93.33333333333333,6.666666666666667
81,0,1,81,20,0,1,20,62,0,0,62,14,0,0,14,7,0,0,7,29,0,1,29,100.0,213,213,3,DeepSeek(R1)_run9.json,1,2,1,0,3,0,1,0,3,1,0,1,1,1,4,0,0,1,0,5,7,4,0,2,0,38,DeepSeek(R1),9,38,0,38,1.0,0.15789473684210525,39.473684210526315,0.0,0.0,0.0,100.0
81,0,0,81,20,0,0,20,62,0,0,62,14,0,0,14,7,0,0,7,29,0,0,29,100.0,213,213,0,Gemini-2.5-Pro-Preview-05-06_run1.json,3,5,2,0,11,0,1,0,7,1,0,3,1,3,7,0,1,2,0,7,10,9,0,6,0,79,Gemini-2.5-Pro-Preview-05-06,1,79,0,76,1.0394736842105263,1.240506329113924,18.9873417721519,68.35443037974683,68.35443037974683,68.35443037974683,31.645569620253166
81,0,0,81,20,0,0,20,62,0,0,62,14,0,0,14,7,0,0,7,29,0,0,29,100.0,213,213,0,Gemini-2.5-Pro-Preview-05-06_run10.json,0,1,0,0,7,0,0,0,2,1,0,0,0,1,5,0,0,1,0,6,6,6,0,9,0,45,Gemini-2.5-Pro-Preview-05-06,10,45,0,44,1.0227272727272727,0.8444444444444444,35.55555555555556,86.66666666666667,86.66666666666667,86.66666666666667,13.333333333333334
81,0,0,81,20,0,0,20,62,0,0,62,14,0,0,14,7,0,0,7,29,0,0,29,100.0,213,213,0,Gemini-2.5-Pro-Preview-05-06_run2.json,4,4,1,0,6,0,1,0,8,2,0,0,3,2,8,0,1,2,0,6,10,11,0,5,0,74,Gemini-2.5-Pro-Preview-05-06,2,74,0,71,1.0422535211267605,1.4189189189189189,55.4054054054054,83.78378378378379,83.78378378378379,83.78378378378379,16.216216216216218
81,0,0,81,20,0,0,20,62,0,0,62,14,0,0,14,7,0,0,7,29,0,0,29,100.0,213,213,0,Gemini-2.5-Pro-Preview-05-06_run3.json,1,0,0,0,11,0,0,0,0,2,0,0,1,6,6,0,0,0,0,0,9,6,0,8,0,50,Gemini-2.5-Pro-Preview-05-06,3,50,0,49,1.0204081632653061,0.92,32.0,72.0,72.0,72.0,28.0
81,0,0,81,20,0,0,20,62,0,0,62,14,0,0,14,7,0,0,7,29,0,0,29,100.0,213,213,0,Gemini-2.5-Pro-Preview-05-06_run4.json,0,4,0,0,0,0,0,0,3,1,0,0,0,1,7,0,0,1,0,3,7,6,0,4,0,37,Gemini-2.5-Pro-Preview-05-06,4,37,0,36,1.0277777777777777,0.9459459459459459,18.91891891891892,86.48648648648648,86.48648648648648,86.48648648648648,13.513513513513514
81,0,2,81,20,0,0,20,62,0,1,62,14,0,0,14,7,0,0,7,27,2,1,29,99.06,213,211,4,Gemini-2.5-Pro-Preview-05-06_run5.json,2,3,0,0,0,0,0,0,6,1,0,0,1,3,3,0,0,0,0,7,10,6,0,3,0,45,Gemini-2.5-Pro-Preview-05-06,5,45,0,45,1.0,0.9111111111111111,42.22222222222222,73.33333333333333,73.33333333333333,73.33333333333333,26.666666666666668
76,5,0,81,20,0,0,20,62,0,2,62,14,0,0,14,7,0,0,7,27,2,2,29,96.71,213,206,4,Gemini-2.5-Pro-Preview-05-06_run6.json,0,0,0,0,0,0,0,0,0,2,0,0,0,0,4,0,0,0,0,0,11,5,0,0,0,22,Gemini-2.5-Pro-Preview-05-06,6,22,0,22,1.0,0.9090909090909091,40.90909090909091,0.0,0.0,0.0,100.0
80,1,0,81,20,0,0,20,62,0,6,62,14,0,0,14,7,0,0,7,29,0,0,29,99.53,213,212,6,Gemini-2.5-Pro-Preview-05-06_run7.json,4,2,1,0,10,0,1,0,3,3,0,1,0,2,8,0,1,2,0,3,10,7,0,4,0,62,Gemini-2.5-Pro-Preview-05-06,7,62,0,58,1.0689655172413792,1.2096774193548387,30.64516129032258,0.0,0.0,0.0,100.0
81,0,0,81,20,0,0,20,62,0,0,62,14,0,0,14,7,0,0,7,29,0,0,29,100.0,213,213,0,Gemini-2.5-Pro-Preview-05-06_run8.json,0,0,0,0,0,0,0,0,0,1,0,0,0,2,3,0,0,0,0,0,6,4,0,4,0,20,Gemini-2.5-Pro-Preview-05-06,8,20,0,20,1.0,0.95,15.0,75.0,75.0,75.0,25.0
81,0,0,81,20,0,0,20,62,0,0,62,14,0,0,14,7,0,0,7,29,0,0,29,100.0,213,213,0,Gemini-2.5-Pro-Preview-05-06_run9.json,0,3,0,0,0,0,0,0,4,2,0,0,0,2,7,0,0,1,0,3,7,7,0,7,0,43,Gemini-2.5-Pro-Preview-05-06,9,43,0,41,1.048780487804878,0.6511627906976745,34.883720930232556,90.69767441860465,90.69767441860465,90.69767441860465,9.30232558139535
81,0,0,81,20,0,0,20,62,0,0,62,14,0,0,14,7,0,0,7,29,0,0,29,100.0,213,213,0,Grok3_run1.json,0,2,2,0,7,0,0,0,4,2,0,0,0,13,5,0,0,1,0,4,5,5,0,3,0,53,Grok3,1,53,0,51,1.0392156862745099,1.1320754716981132,35.84905660377358,0.0,0.0,0.0,100.0
50,31,23,81,14,6,0,20,11,51,0,62,3,11,0,14,0,7,0,7,1,28,8,29,37.09,213,79,31,Grok3_run10.json,0,0,0,0,7,0,0,0,0,0,0,0,0,0,1,0,0,0,0,0,0,0,0,0,0,8,Grok3,10,8,0,8,1.0,1.125,0.0,0.0,0.0,0.0,100.0
81,0,0,81,20,0,0,20,62,0,0,62,14,0,0,14,7,0,0,7,29,0,0,29,100.0,213,213,0,Grok3_run2.json,0,2,3,0,6,0,0,0,2,2,0,0,1,0,0,0,0,3,0,3,6,4,0,0,0,32,Grok3,2,32,0,28,1.1428571428571428,0.96875,9.375,100.0,100.0,100.0,0.0
81,0,0,81,20,0,0,20,62,0,0,62,14,0,0,14,7,0,0,7,29,0,0,29,100.0,213,213,0,Grok3_run3.json,0,4,2,0,1,0,0,0,4,1,0,0,0,1,3,0,0,2,0,8,0,0,0,2,0,28,Grok3,3,28,0,27,1.037037037037037,2.0,96.42857142857143,0.0,0.0,0.0,100.0
37,44,3,81,10,10,0,20,0,62,0,62,0,14,0,14,5,2,0,7,0,29,0,29,24.41,213,52,3,Grok3_run4.json,0,4,2,0,5,0,0,0,4,1,0,0,0,0,1,0,0,2,0,4,4,5,0,0,0,32,Grok3,4,32,0,26,1.2307692307692308,1.0625,21.875,0.0,0.0,0.0,100.0
81,0,0,81,20,0,0,20,62,0,0,62,14,0,0,14,7,0,0,7,29,0,0,29,100.0,213,213,0,Grok3_run5.json,0,2,0,0,5,0,0,0,4,0,0,0,0,1,2,0,0,0,0,1,5,6,0,0,0,26,Grok3,5,26,0,24,1.0833333333333333,0.9230769230769231,30.76923076923077,100.0,100.0,100.0,0.0
43,38,17,81,14,6,0,20,6,56,0,62,2,12,0,14,4,3,0,7,1,28,5,29,32.86,213,70,22,Grok3_run6.json,0,0,0,0,7,0,0,0,0,0,0,0,1,2,0,0,0,0,0,0,0,0,0,0,0,10,Grok3,6,10,0,10,1.0,0.8,30.0,0.0,0.0,0.0,100.0
35,46,0,81,19,1,0,20,0,62,11,62,11,3,0,14,7,0,0,7,4,25,10,29,35.68,213,76,21,Grok3_run7.json,0,6,2,0,6,0,0,0,7,3,0,0,1,19,7,0,0,2,0,6,6,5,0,2,0,72,Grok3,7,72,0,67,1.0746268656716418,0.9583333333333334,36.111111111111114,0.0,0.0,0.0,100.0
81,0,0,81,19,1,1,20,62,0,0,62,14,0,0,14,7,0,0,7,29,0,0,29,99.53,213,212,1,Grok3_run8.json,0,0,0,0,6,0,0,0,0,0,1,0,1,0,1,0,0,0,0,0,0,0,0,0,0,9,Grok3,8,9,0,9,1.0,1.3333333333333333,22.22222222222222,0.0,0.0,0.0,100.0
81,0,0,81,20,0,0,20,62,0,0,62,14,0,0,14,7,0,0,7,29,0,0,29,100.0,213,213,0,Grok3_run9.json,0,1,0,0,4,0,0,0,3,0,0,0,0,0,4,0,0,0,0,3,5,4,0,0,0,24,Grok3,9,24,0,23,1.0434782608695652,1.0833333333333333,41.666666666666664,0.0,0.0,0.0,100.0
81,0,0,81,20,0,0,20,62,0,0,62,14,0,0,14,7,0,0,7,29,0,0,29,100.0,213,213,0,Llama4_run1.json,1,1,0,1,1,0,0,0,2,2,0,0,1,3,3,0,0,0,0,3,2,2,1,2,0,25,Llama4,1,25,0,23,1.0869565217391304,0.0,0.0,84.0,0.0,0.0,16.0
80,1,0,81,20,0,0,20,62,0,0,62,14,0,0,14,7,0,0,7,29,0,0,29,99.53,213,212,0,Llama4_run10.json,0,2,1,0,1,0,1,0,2,2,0,0,1,4,3,0,0,1,0,8,2,1,0,2,0,31,Llama4,10,31,0,30,1.0333333333333334,0.0,12.903225806451612,83.87096774193549,0.0,0.0,16.129032258064516
80,1,0,81,19,1,0,20,62,0,0,62,14,0,0,14,7,0,0,7,7,22,0,29,88.73,213,189,0,Llama4_run2.json,2,2,1,1,1,1,1,0,2,2,0,0,1,4,3,0,1,1,0,5,2,2,1,2,0,35,Llama4,2,35,0,31,1.1290322580645162,0.5142857142857142,31.428571428571427,91.42857142857143,0.0,0.0,8.571428571428571
81,0,0,81,20,0,0,20,62,0,0,62,14,0,0,14,7,0,0,7,22,7,1,29,96.71,213,206,1,Llama4_run3.json,0,1,1,0,3,0,0,0,2,2,0,0,1,3,1,0,0,1,0,5,0,2,0,1,0,23,Llama4,3,40,0,23,1.7391304347826086,0.2,7.5,95.0,0.0,0.0,5.0
81,0,0,81,20,0,0,20,62,0,0,62,14,0,0,14,7,0,0,7,24,5,0,29,97.65,213,208,0,Llama4_run4.json,1,1,0,0,1,0,0,0,2,2,0,0,1,1,3,0,0,0,0,5,2,2,1,2,0,24,Llama4,4,24,0,22,1.0909090909090908,0.041666666666666664,0.0,83.33333333333333,0.0,0.0,16.666666666666668
81,0,0,81,20,0,0,20,62,0,0,62,14,0,0,14,7,0,0,7,25,4,0,29,98.12,213,209,0,Llama4_run5.json,1,1,1,0,1,0,0,0,2,1,0,0,1,1,2,0,0,1,0,3,1,1,1,1,0,19,Llama4,5,19,0,18,1.0555555555555556,0.0,10.526315789473685,89.47368421052632,0.0,0.0,10.526315789473685
81,0,0,81,20,0,0,20,62,0,0,62,14,0,0,14,7,0,0,7,29,0,0,29,100.0,213,213,0,Llama4_run6.json,1,1,0,0,1,0,0,0,2,1,0,0,1,1,2,0,0,0,0,3,1,1,1,1,0,17,Llama4,6,17,0,16,1.0625,0.0,11.764705882352942,94.11764705882354,0.0,0.0,5.882352941176471
81,0,0,81,20,0,1,20,62,0,0,62,14,0,0,14,7,0,1,7,24,5,0,29,97.65,213,208,2,Llama4_run7.json,0,1,1,0,4,0,0,4,2,2,0,0,0,3,3,0,0,1,0,6,3,1,0,1,0,32,Llama4,7,32,0,32,1.0,1.0625,9.375,81.25,0.0,0.0,18.75
81,0,1,81,20,0,0,20,62,0,0,62,14,0,0,14,7,0,0,7,25,4,0,29,98.12,213,209,1,Llama4_run8.json,1,2,1,0,1,0,0,0,2,2,0,0,1,1,3,0,0,1,0,5,1,1,0,2,0,24,Llama4,8,24,0,23,1.0434782608695652,0.0,16.666666666666668,91.66666666666667,0.0,0.0,8.333333333333334
81,0,0,81,20,0,0,20,62,0,0,62,14,0,0,14,7,0,0,7,29,0,0,29,100.0,213,213,0,Llama4_run9.json,1,1,1,0,1,0,1,0,2,1,0,0,1,2,2,0,0,1,0,4,1,1,0,1,0,21,Llama4,9,21,0,20,1.05,0.0,19.047619047619047,95.23809523809524,0.0,0.0,4.761904761904762
81,0,0,81,20,0,0,20,62,0,0,62,14,0,0,14,7,0,0,7,29,0,0,29,100.0,213,213,0,Mistral_run1.json,0,1,1,0,1,0,0,0,2,1,0,1,1,1,1,0,0,1,0,5,2,2,0,2,0,22,Mistral,1,22,0,22,1.0,2.0454545454545454,68.18181818181819,95.45454545454545,0.0,0.0,4.545454545454546
81,0,0,81,20,0,0,20,62,0,0,62,14,0,0,14,7,0,0,7,29,0,0,29,100.0,213,213,0,Mistral_run10.json,0,1,1,0,1,0,0,0,2,1,0,0,1,1,1,0,0,1,0,7,0,0,0,1,0,18,Mistral,10,18,0,17,1.0588235294117647,2.5555555555555554,100.0,94.44444444444444,0.0,0.0,5.555555555555555
81,0,0,81,20,0,0,20,62,0,0,62,14,0,0,14,7,0,0,7,29,0,0,29,100.0,213,213,0,Mistral_run2.json,0,1,1,0,1,0,0,0,2,1,0,1,1,1,1,0,0,1,0,5,2,1,0,1,0,20,Mistral,2,20,0,20,1.0,0.0,0.0,0.0,0.0,0.0,100.0
81,0,0,81,20,0,0,20,62,0,0,62,14,0,0,14,7,0,0,7,29,0,0,29,100.0,213,213,0,Mistral_run3.json,0,1,1,0,1,0,0,0,2,1,0,1,1,1,1,0,0,1,0,5,2,1,0,2,0,21,Mistral,3,21,0,21,1.0,2.0952380952380953,71.42857142857143,95.23809523809524,0.0,0.0,4.761904761904762
81,0,0,81,20,0,0,20,62,0,0,62,14,0,0,14,7,0,0,7,29,0,0,29,100.0,213,213,0,Mistral_run4.json,0,1,1,0,2,0,0,0,2,1,0,1,1,1,1,0,0,1,0,5,2,1,0,2,0,22,Mistral,4,22,0,22,1.0,2.0,86.36363636363636,90.9090909090909,0.0,0.0,9.090909090909092
81,0,0,81,20,0,0,20,62,0,0,62,14,0,0,14,7,0,0,7,29,0,0,29,100.0,213,213,0,Mistral_run5.json,0,1,1,0,1,0,0,0,2,1,0,1,1,1,1,0,0,1,0,5,3,2,0,2,0,23,Mistral,5,23,0,23,1.0,1.826086956521739,69.56521739130434,91.30434782608695,0.0,0.0,8.695652173913043
81,0,0,81,20,0,0,20,62,0,0,62,14,0,0,14,7,0,0,7,29,0,0,29,100.0,213,213,0,Mistral_run6.json,0,1,1,0,1,0,0,0,2,1,0,1,1,1,1,0,0,1,0,5,2,1,0,2,0,21,Mistral,6,21,0,21,1.0,1.9523809523809523,85.71428571428571,95.23809523809524,0.0,0.0,4.761904761904762
81,0,0,81,20,0,0,20,62,0,0,62,14,0,0,14,7,0,0,7,29,0,0,29,100.0,213,213,0,Mistral_run7.json,0,2,1,0,1,0,0,0,2,1,0,1,1,1,2,0,0,1,0,7,0,0,0,1,0,21,Mistral,7,21,0,20,1.05,2.5238095238095237,100.0,85.71428571428571,0.0,0.0,14.285714285714286
81,0,0,81,20,0,0,20,62,0,0,62,14,0,0,14,7,0,0,7,29,0,0,29,100.0,213,213,0,Mistral_run8.json,0,1,1,0,1,0,0,0,2,1,0,0,1,1,1,0,0,1,0,7,0,0,0,1,0,18,Mistral,8,18,0,17,1.0588235294117647,2.5,100.0,94.44444444444444,0.0,0.0,5.555555555555555
81,0,0,81,20,0,0,20,62,0,0,62,14,0,0,14,7,0,0,7,29,0,0,29,100.0,213,213,0,Mistral_run9.json,0,1,1,0,1,0,0,0,2,1,0,0,1,1,1,0,0,1,0,7,0,0,0,1,0,18,Mistral,9,18,0,17,1.0588235294117647,2.5,100.0,94.44444444444444,0.0,0.0,5.555555555555555
81,0,1,81,20,0,1,20,62,0,0,62,14,0,0,14,7,0,0,7,29,0,1,29,100.0,213,213,3,Qwen3_run1.json,1,2,0,0,4,0,0,0,2,2,0,0,1,7,3,0,0,0,0,5,3,3,0,2,0,35,Qwen3,1,35,0,34,1.0294117647058822,0.0,0.0,97.14285714285714,97.14285714285714,97.14285714285714,2.857142857142857
81,0,1,81,20,0,1,20,62,0,0,62,14,0,0,14,7,0,0,7,29,0,1,29,100.0,213,213,3,Qwen3_run10.json,0,3,3,0,4,0,0,0,3,2,0,0,1,2,4,0,0,3,0,5,3,4,0,3,0,40,Qwen3,10,40,0,39,1.0256410256410255,0.625,32.5,100.0,100.0,100.0,0.0
81,0,0,81,20,0,0,20,62,0,0,62,14,0,0,14,7,0,0,7,29,0,0,29,100.0,213,213,0,Qwen3_run2.json,2,2,1,0,1,0,1,0,3,2,0,1,1,1,4,0,1,1,0,3,4,3,0,2,0,33,Qwen3,2,33,0,33,1.0,0.6060606060606061,6.0606060606060606,0.0,0.0,0.0,100.0
80,1,3,81,20,0,1,20,62,0,0,62,14,0,0,14,7,0,0,7,29,0,1,29,99.53,213,212,5,Qwen3_run3.json,0,6,0,0,4,0,0,0,7,2,0,0,1,10,7,0,0,1,0,7,4,6,0,3,0,58,Qwen3,3,58,0,55,1.0545454545454545,0.8275862068965517,25.862068965517242,100.0,100.0,100.0,0.0
81,0,1,81,20,0,1,20,62,0,0,62,14,0,0,14,7,0,0,7,29,0,1,29,100.0,213,213,3,Qwen3_run4.json,0,3,2,0,2,0,0,0,4,1,0,0,1,1,4,0,0,2,0,7,2,3,0,1,0,33,Qwen3,4,33,0,32,1.03125,1.0303030303030303,42.42424242424242,0.0,0.0,0.0,100.0
70,11,1,81,20,0,1,20,60,2,0,62,14,0,0,14,7,0,0,7,27,2,1,29,92.96,213,198,3,Qwen3_run5.json,0,2,0,0,2,0,0,0,4,2,0,0,1,4,3,0,0,0,0,5,2,3,0,3,0,31,Qwen3,5,31,0,31,1.0,0.9032258064516129,38.70967741935484,100.0,0.0,0.0,0.0
64,17,2,81,20,0,1,20,60,2,0,62,14,0,0,14,7,0,0,7,29,0,1,29,91.08,213,194,4,Qwen3_run6.json,1,2,1,0,3,0,0,0,4,1,0,1,2,3,6,0,0,1,0,6,4,4,0,3,0,42,Qwen3,6,42,0,42,1.0,0.8095238095238095,30.952380952380953,0.0,0.0,0.0,100.0
81,0,1,81,20,0,1,20,62,0,0,62,14,0,0,14,7,0,0,7,29,0,1,29,100.0,213,213,3,Qwen3_run7.json,0,2,0,0,5,0,0,0,3,1,0,0,1,1,4,0,0,0,0,4,3,2,0,2,0,28,Qwen3,7,28,0,28,1.0,0.9285714285714286,50.0,0.0,0.0,0.0,100.0
81,0,2,81,20,0,1,20,62,0,0,62,14,0,0,14,7,0,0,7,29,0,1,29,100.0,213,213,4,Qwen3_run8.json,1,2,2,0,4,0,0,0,3,1,0,0,1,6,1,0,0,1,0,5,4,3,0,2,0,36,Qwen3,8,36,0,35,1.0285714285714285,0.9166666666666666,0.0,0.0,0.0,0.0,100.0
79,2,2,81,20,0,1,20,62,0,0,62,14,0,0,14,7,0,0,7,29,0,1,29,99.06,213,211,4,Qwen3_run9.json,0,2,3,0,0,0,0,0,3,0,0,0,1,2,4,0,0,3,0,7,5,4,0,3,0,37,Qwen3,9,37,0,35,1.0571428571428572,0.7297297297297297,43.24324324324324,100.0,100.0,100.0,0.0
